<annotation>
	<folder>images</folder>
	<filename>20161008_153104_0e3a_16809-29817-16.jpg</filename>
	<path>C:\Users\User\OneDrive\Desktop\mini\images\images\20161008_153104_0e3a_16809-29817-16.jpg</path>
	<source>
		<database>Unknown</database>
	</source>
	<size>
		<width>256</width>
		<height>256</height>
		<depth>3</depth>
	</size>
	<segmented>0</segmented>
	<object>
		<name>cloud</name>
		<pose>Unspecified</pose>
		<truncated>1</truncated>
		<difficult>0</difficult>
		<bndbox>
			<xmin>1</xmin>
			<ymin>16</ymin>
			<xmax>106</xmax>
			<ymax>151</ymax>
		</bndbox>
	</object>
	<object>
		<name>cloud</name>
		<pose>Unspecified</pose>
		<truncated>0</truncated>
		<difficult>0</difficult>
		<bndbox>
			<xmin>102</xmin>
			<ymin>36</ymin>
			<xmax>156</xmax>
			<ymax>110</ymax>
		</bndbox>
	</object>
	<object>
		<name>cloud</name>
		<pose>Unspecified</pose>
		<truncated>0</truncated>
		<difficult>0</difficult>
		<bndbox>
			<xmin>103</xmin>
			<ymin>111</ymin>
			<xmax>172</xmax>
			<ymax>153</ymax>
		</bndbox>
	</object>
	<object>
		<name>cloud</name>
		<pose>Unspecified</pose>
		<truncated>0</truncated>
		<difficult>0</difficult>
		<bndbox>
			<xmin>149</xmin>
			<ymin>47</ymin>
			<xmax>203</xmax>
			<ymax>114</ymax>
		</bndbox>
	</object>
	<object>
		<name>cloud</name>
		<pose>Unspecified</pose>
		<truncated>0</truncated>
		<difficult>0</difficult>
		<bndbox>
			<xmin>180</xmin>
			<ymin>148</ymin>
			<xmax>235</xmax>
			<ymax>169</ymax>
		</bndbox>
	</object>
	<object>
		<name>cloud</name>
		<pose>Unspecified</pose>
		<truncated>0</truncated>
		<difficult>0</difficult>
		<bndbox>
			<xmin>149</xmin>
			<ymin>166</ymin>
			<xmax>201</xmax>
			<ymax>203</ymax>
		</bndbox>
	</object>
	<object>
		<name>cloud</name>
		<pose>Unspecified</pose>
		<truncated>0</truncated>
		<difficult>0</difficult>
		<bndbox>
			<xmin>118</xmin>
			<ymin>149</ymin>
			<xmax>172</xmax>
			<ymax>190</ymax>
		</bndbox>
	</object>
	<object>
		<name>cloud</name>
		<pose>Unspecified</pose>
		<truncated>0</truncated>
		<difficult>0</difficult>
		<bndbox>
			<xmin>21</xmin>
			<ymin>188</ymin>
			<xmax>118</xmax>
			<ymax>231</ymax>
		</bndbox>
	</object>
	<object>
		<name>cloud</name>
		<pose>Unspecified</pose>
		<truncated>0</truncated>
		<difficult>0</difficult>
		<bndbox>
			<xmin>16</xmin>
			<ymin>147</ymin>
			<xmax>109</xmax>
			<ymax>190</ymax>
		</bndbox>
	</object>
	<object>
		<name>cloud</name>
		<pose>Unspecified</pose>
		<truncated>1</truncated>
		<difficult>0</difficult>
		<bndbox>
			<xmin>97</xmin>
			<ymin>1</ymin>
			<xmax>143</xmax>
			<ymax>36</ymax>
		</bndbox>
	</object>
	<object>
		<name>cloud</name>
		<pose>Unspecified</pose>
		<truncated>1</truncated>
		<difficult>0</difficult>
		<bndbox>
			<xmin>1</xmin>
			<ymin>1</ymin>
			<xmax>98</xmax>
			<ymax>19</ymax>
		</bndbox>
	</object>
</annotation>
