<annotation>
	<folder>images</folder>
	<filename>20160928_153233_0e16_16816-29825-16.jpg</filename>
	<path>C:\Users\User\OneDrive\Desktop\mini\images\images\20160928_153233_0e16_16816-29825-16.jpg</path>
	<source>
		<database>Unknown</database>
	</source>
	<size>
		<width>256</width>
		<height>256</height>
		<depth>3</depth>
	</size>
	<segmented>0</segmented>
	<object>
		<name>debris</name>
		<pose>Unspecified</pose>
		<truncated>0</truncated>
		<difficult>0</difficult>
		<bndbox>
			<xmin>86</xmin>
			<ymin>11</ymin>
			<xmax>110</xmax>
			<ymax>56</ymax>
		</bndbox>
	</object>
</annotation>
