<annotation>
	<folder>images</folder>
	<filename>20161008_153104_0e3a_16821-29831-16.jpg</filename>
	<path>C:\Users\User\OneDrive\Desktop\mini\images\images\20161008_153104_0e3a_16821-29831-16.jpg</path>
	<source>
		<database>Unknown</database>
	</source>
	<size>
		<width>256</width>
		<height>256</height>
		<depth>3</depth>
	</size>
	<segmented>0</segmented>
	<object>
		<name>debris</name>
		<pose>Unspecified</pose>
		<truncated>0</truncated>
		<difficult>0</difficult>
		<bndbox>
			<xmin>158</xmin>
			<ymin>105</ymin>
			<xmax>175</xmax>
			<ymax>123</ymax>
		</bndbox>
	</object>
</annotation>
