<annotation>
	<folder>images</folder>
	<filename>20161008_153105_0e3a_16936-29809-16.jpg</filename>
	<path>C:\Users\User\OneDrive\Desktop\mini\images\images\20161008_153105_0e3a_16936-29809-16.jpg</path>
	<source>
		<database>Unknown</database>
	</source>
	<size>
		<width>256</width>
		<height>256</height>
		<depth>3</depth>
	</size>
	<segmented>0</segmented>
	<object>
		<name>debris</name>
		<pose>Unspecified</pose>
		<truncated>0</truncated>
		<difficult>0</difficult>
		<bndbox>
			<xmin>147</xmin>
			<ymin>143</ymin>
			<xmax>157</xmax>
			<ymax>180</ymax>
		</bndbox>
	</object>
</annotation>
