<annotation>
	<folder>images</folder>
	<filename>20161008_153105_0e3a_16927-29809-16.jpg</filename>
	<path>C:\Users\User\OneDrive\Desktop\mini\images\images\20161008_153105_0e3a_16927-29809-16.jpg</path>
	<source>
		<database>Unknown</database>
	</source>
	<size>
		<width>256</width>
		<height>256</height>
		<depth>3</depth>
	</size>
	<segmented>0</segmented>
	<object>
		<name>debris</name>
		<pose>Unspecified</pose>
		<truncated>0</truncated>
		<difficult>0</difficult>
		<bndbox>
			<xmin>47</xmin>
			<ymin>93</ymin>
			<xmax>66</xmax>
			<ymax>104</ymax>
		</bndbox>
	</object>
	<object>
		<name>debris</name>
		<pose>Unspecified</pose>
		<truncated>0</truncated>
		<difficult>0</difficult>
		<bndbox>
			<xmin>44</xmin>
			<ymin>120</ymin>
			<xmax>58</xmax>
			<ymax>129</ymax>
		</bndbox>
	</object>
	<object>
		<name>debris</name>
		<pose>Unspecified</pose>
		<truncated>0</truncated>
		<difficult>0</difficult>
		<bndbox>
			<xmin>98</xmin>
			<ymin>138</ymin>
			<xmax>109</xmax>
			<ymax>147</ymax>
		</bndbox>
	</object>
	<object>
		<name>debris</name>
		<pose>Unspecified</pose>
		<truncated>0</truncated>
		<difficult>0</difficult>
		<bndbox>
			<xmin>62</xmin>
			<ymin>128</ymin>
			<xmax>76</xmax>
			<ymax>137</ymax>
		</bndbox>
	</object>
</annotation>
