<annotation>
	<folder>images</folder>
	<filename>20160928_153233_0e16_16816-29831-16.jpg</filename>
	<path>C:\Users\User\OneDrive\Desktop\mini\images\images\20160928_153233_0e16_16816-29831-16.jpg</path>
	<source>
		<database>Unknown</database>
	</source>
	<size>
		<width>256</width>
		<height>256</height>
		<depth>3</depth>
	</size>
	<segmented>0</segmented>
	<object>
		<name>debris</name>
		<pose>Unspecified</pose>
		<truncated>0</truncated>
		<difficult>0</difficult>
		<bndbox>
			<xmin>2</xmin>
			<ymin>91</ymin>
			<xmax>15</xmax>
			<ymax>124</ymax>
		</bndbox>
	</object>
	<object>
		<name>debris</name>
		<pose>Unspecified</pose>
		<truncated>0</truncated>
		<difficult>0</difficult>
		<bndbox>
			<xmin>34</xmin>
			<ymin>25</ymin>
			<xmax>42</xmax>
			<ymax>50</ymax>
		</bndbox>
	</object>
	<object>
		<name>debris</name>
		<pose>Unspecified</pose>
		<truncated>1</truncated>
		<difficult>0</difficult>
		<bndbox>
			<xmin>225</xmin>
			<ymin>235</ymin>
			<xmax>252</xmax>
			<ymax>256</ymax>
		</bndbox>
	</object>
</annotation>
