<annotation>
	<folder>images</folder>
	<filename>20170227_203307_0c37_16768-29702-16.jpg</filename>
	<path>C:\Users\User\OneDrive\Desktop\mini\images\images\20170227_203307_0c37_16768-29702-16.jpg</path>
	<source>
		<database>Unknown</database>
	</source>
	<size>
		<width>256</width>
		<height>256</height>
		<depth>3</depth>
	</size>
	<segmented>0</segmented>
	<object>
		<name>debris</name>
		<pose>Unspecified</pose>
		<truncated>0</truncated>
		<difficult>0</difficult>
		<bndbox>
			<xmin>131</xmin>
			<ymin>207</ymin>
			<xmax>149</xmax>
			<ymax>219</ymax>
		</bndbox>
	</object>
	<object>
		<name>debris</name>
		<pose>Unspecified</pose>
		<truncated>0</truncated>
		<difficult>0</difficult>
		<bndbox>
			<xmin>120</xmin>
			<ymin>220</ymin>
			<xmax>131</xmax>
			<ymax>227</ymax>
		</bndbox>
	</object>
	<object>
		<name>debris</name>
		<pose>Unspecified</pose>
		<truncated>0</truncated>
		<difficult>0</difficult>
		<bndbox>
			<xmin>94</xmin>
			<ymin>228</ymin>
			<xmax>109</xmax>
			<ymax>236</ymax>
		</bndbox>
	</object>
</annotation>
