<annotation>
	<folder>images</folder>
	<filename>20170322_153132_0e0f_17139-29805-16.jpg</filename>
	<path>C:\Users\User\OneDrive\Desktop\mini\images\images\20170322_153132_0e0f_17139-29805-16.jpg</path>
	<source>
		<database>Unknown</database>
	</source>
	<size>
		<width>256</width>
		<height>256</height>
		<depth>3</depth>
	</size>
	<segmented>0</segmented>
	<object>
		<name>debris</name>
		<pose>Unspecified</pose>
		<truncated>0</truncated>
		<difficult>0</difficult>
		<bndbox>
			<xmin>221</xmin>
			<ymin>38</ymin>
			<xmax>255</xmax>
			<ymax>51</ymax>
		</bndbox>
	</object>
</annotation>
