<annotation>
	<folder>images</folder>
	<filename>20170227_203600_1_0c46_16889-29838-16.jpg</filename>
	<path>C:\Users\User\OneDrive\Desktop\mini\images\images\20170227_203600_1_0c46_16889-29838-16.jpg</path>
	<source>
		<database>Unknown</database>
	</source>
	<size>
		<width>256</width>
		<height>256</height>
		<depth>3</depth>
	</size>
	<segmented>0</segmented>
	<object>
		<name>debris</name>
		<pose>Unspecified</pose>
		<truncated>0</truncated>
		<difficult>0</difficult>
		<bndbox>
			<xmin>13</xmin>
			<ymin>180</ymin>
			<xmax>24</xmax>
			<ymax>192</ymax>
		</bndbox>
	</object>
	<object>
		<name>debris</name>
		<pose>Unspecified</pose>
		<truncated>0</truncated>
		<difficult>0</difficult>
		<bndbox>
			<xmin>13</xmin>
			<ymin>204</ymin>
			<xmax>24</xmax>
			<ymax>214</ymax>
		</bndbox>
	</object>
	<object>
		<name>debris</name>
		<pose>Unspecified</pose>
		<truncated>0</truncated>
		<difficult>0</difficult>
		<bndbox>
			<xmin>5</xmin>
			<ymin>215</ymin>
			<xmax>17</xmax>
			<ymax>223</ymax>
		</bndbox>
	</object>
</annotation>
