<annotation>
	<folder>images</folder>
	<filename>20170323_152750_0e20_17291-29803-16.jpg</filename>
	<path>C:\Users\User\OneDrive\Desktop\mini\images\images\20170323_152750_0e20_17291-29803-16.jpg</path>
	<source>
		<database>Unknown</database>
	</source>
	<size>
		<width>256</width>
		<height>256</height>
		<depth>3</depth>
	</size>
	<segmented>0</segmented>
	<object>
		<name>debris</name>
		<pose>Unspecified</pose>
		<truncated>0</truncated>
		<difficult>0</difficult>
		<bndbox>
			<xmin>192</xmin>
			<ymin>112</ymin>
			<xmax>199</xmax>
			<ymax>156</ymax>
		</bndbox>
	</object>
	<object>
		<name>debris</name>
		<pose>Unspecified</pose>
		<truncated>0</truncated>
		<difficult>0</difficult>
		<bndbox>
			<xmin>146</xmin>
			<ymin>5</ymin>
			<xmax>159</xmax>
			<ymax>18</ymax>
		</bndbox>
	</object>
	<object>
		<name>debris</name>
		<pose>Unspecified</pose>
		<truncated>0</truncated>
		<difficult>0</difficult>
		<bndbox>
			<xmin>132</xmin>
			<ymin>10</ymin>
			<xmax>138</xmax>
			<ymax>20</ymax>
		</bndbox>
	</object>
	<object>
		<name>debris</name>
		<pose>Unspecified</pose>
		<truncated>0</truncated>
		<difficult>0</difficult>
		<bndbox>
			<xmin>117</xmin>
			<ymin>20</ymin>
			<xmax>131</xmax>
			<ymax>35</ymax>
		</bndbox>
	</object>
	<object>
		<name>debris</name>
		<pose>Unspecified</pose>
		<truncated>0</truncated>
		<difficult>0</difficult>
		<bndbox>
			<xmin>103</xmin>
			<ymin>35</ymin>
			<xmax>116</xmax>
			<ymax>44</ymax>
		</bndbox>
	</object>
	<object>
		<name>debris</name>
		<pose>Unspecified</pose>
		<truncated>0</truncated>
		<difficult>0</difficult>
		<bndbox>
			<xmin>63</xmin>
			<ymin>39</ymin>
			<xmax>77</xmax>
			<ymax>49</ymax>
		</bndbox>
	</object>
</annotation>
