<annotation>
	<folder>images</folder>
	<filename>20170326_154021_0e2f_16773-29709-16.jpg</filename>
	<path>C:\Users\User\OneDrive\Desktop\mini\images\images\20170326_154021_0e2f_16773-29709-16.jpg</path>
	<source>
		<database>Unknown</database>
	</source>
	<size>
		<width>256</width>
		<height>256</height>
		<depth>3</depth>
	</size>
	<segmented>0</segmented>
	<object>
		<name>debris</name>
		<pose>Unspecified</pose>
		<truncated>0</truncated>
		<difficult>0</difficult>
		<bndbox>
			<xmin>72</xmin>
			<ymin>46</ymin>
			<xmax>100</xmax>
			<ymax>73</ymax>
		</bndbox>
	</object>
	<object>
		<name>debris</name>
		<pose>Unspecified</pose>
		<truncated>0</truncated>
		<difficult>0</difficult>
		<bndbox>
			<xmin>97</xmin>
			<ymin>65</ymin>
			<xmax>123</xmax>
			<ymax>76</ymax>
		</bndbox>
	</object>
	<object>
		<name>debris</name>
		<pose>Unspecified</pose>
		<truncated>0</truncated>
		<difficult>0</difficult>
		<bndbox>
			<xmin>84</xmin>
			<ymin>75</ymin>
			<xmax>116</xmax>
			<ymax>82</ymax>
		</bndbox>
	</object>
	<object>
		<name>debris</name>
		<pose>Unspecified</pose>
		<truncated>0</truncated>
		<difficult>0</difficult>
		<bndbox>
			<xmin>49</xmin>
			<ymin>37</ymin>
			<xmax>70</xmax>
			<ymax>47</ymax>
		</bndbox>
	</object>
	<object>
		<name>debris</name>
		<pose>Unspecified</pose>
		<truncated>1</truncated>
		<difficult>0</difficult>
		<bndbox>
			<xmin>240</xmin>
			<ymin>137</ymin>
			<xmax>256</xmax>
			<ymax>160</ymax>
		</bndbox>
	</object>
</annotation>
