<annotation>
	<folder>images</folder>
	<filename>20170322_153132_0e0f_17120-29793-16.jpg</filename>
	<path>C:\Users\User\OneDrive\Desktop\mini\images\images\20170322_153132_0e0f_17120-29793-16.jpg</path>
	<source>
		<database>Unknown</database>
	</source>
	<size>
		<width>256</width>
		<height>256</height>
		<depth>3</depth>
	</size>
	<segmented>0</segmented>
	<object>
		<name>debris</name>
		<pose>Unspecified</pose>
		<truncated>0</truncated>
		<difficult>0</difficult>
		<bndbox>
			<xmin>103</xmin>
			<ymin>157</ymin>
			<xmax>134</xmax>
			<ymax>180</ymax>
		</bndbox>
	</object>
	<object>
		<name>debris</name>
		<pose>Unspecified</pose>
		<truncated>0</truncated>
		<difficult>0</difficult>
		<bndbox>
			<xmin>87</xmin>
			<ymin>184</ymin>
			<xmax>117</xmax>
			<ymax>202</ymax>
		</bndbox>
	</object>
	<object>
		<name>debris</name>
		<pose>Unspecified</pose>
		<truncated>0</truncated>
		<difficult>0</difficult>
		<bndbox>
			<xmin>77</xmin>
			<ymin>204</ymin>
			<xmax>108</xmax>
			<ymax>221</ymax>
		</bndbox>
	</object>
	<object>
		<name>debris</name>
		<pose>Unspecified</pose>
		<truncated>0</truncated>
		<difficult>0</difficult>
		<bndbox>
			<xmin>58</xmin>
			<ymin>224</ymin>
			<xmax>100</xmax>
			<ymax>245</ymax>
		</bndbox>
	</object>
</annotation>
