<annotation>
	<folder>images</folder>
	<filename>20170326_153234_0e26_17062-29756-16.jpg</filename>
	<path>C:\Users\User\OneDrive\Desktop\mini\images\images\20170326_153234_0e26_17062-29756-16.jpg</path>
	<source>
		<database>Unknown</database>
	</source>
	<size>
		<width>256</width>
		<height>256</height>
		<depth>3</depth>
	</size>
	<segmented>0</segmented>
	<object>
		<name>debris</name>
		<pose>Unspecified</pose>
		<truncated>0</truncated>
		<difficult>0</difficult>
		<bndbox>
			<xmin>4</xmin>
			<ymin>55</ymin>
			<xmax>22</xmax>
			<ymax>93</ymax>
		</bndbox>
	</object>
	<object>
		<name>debris</name>
		<pose>Unspecified</pose>
		<truncated>0</truncated>
		<difficult>0</difficult>
		<bndbox>
			<xmin>15</xmin>
			<ymin>86</ymin>
			<xmax>29</xmax>
			<ymax>110</ymax>
		</bndbox>
	</object>
	<object>
		<name>debris</name>
		<pose>Unspecified</pose>
		<truncated>0</truncated>
		<difficult>0</difficult>
		<bndbox>
			<xmin>15</xmin>
			<ymin>110</ymin>
			<xmax>53</xmax>
			<ymax>124</ymax>
		</bndbox>
	</object>
	<object>
		<name>debris</name>
		<pose>Unspecified</pose>
		<truncated>0</truncated>
		<difficult>0</difficult>
		<bndbox>
			<xmin>18</xmin>
			<ymin>124</ymin>
			<xmax>58</xmax>
			<ymax>139</ymax>
		</bndbox>
	</object>
	<object>
		<name>debris</name>
		<pose>Unspecified</pose>
		<truncated>0</truncated>
		<difficult>0</difficult>
		<bndbox>
			<xmin>31</xmin>
			<ymin>139</ymin>
			<xmax>69</xmax>
			<ymax>152</ymax>
		</bndbox>
	</object>
	<object>
		<name>debris</name>
		<pose>Unspecified</pose>
		<truncated>0</truncated>
		<difficult>0</difficult>
		<bndbox>
			<xmin>42</xmin>
			<ymin>152</ymin>
			<xmax>70</xmax>
			<ymax>163</ymax>
		</bndbox>
	</object>
	<object>
		<name>debris</name>
		<pose>Unspecified</pose>
		<truncated>0</truncated>
		<difficult>0</difficult>
		<bndbox>
			<xmin>52</xmin>
			<ymin>164</ymin>
			<xmax>73</xmax>
			<ymax>173</ymax>
		</bndbox>
	</object>
	<object>
		<name>debris</name>
		<pose>Unspecified</pose>
		<truncated>0</truncated>
		<difficult>0</difficult>
		<bndbox>
			<xmin>62</xmin>
			<ymin>173</ymin>
			<xmax>79</xmax>
			<ymax>178</ymax>
		</bndbox>
	</object>
	<object>
		<name>debris</name>
		<pose>Unspecified</pose>
		<truncated>0</truncated>
		<difficult>0</difficult>
		<bndbox>
			<xmin>79</xmin>
			<ymin>180</ymin>
			<xmax>91</xmax>
			<ymax>188</ymax>
		</bndbox>
	</object>
	<object>
		<name>debris</name>
		<pose>Unspecified</pose>
		<truncated>0</truncated>
		<difficult>0</difficult>
		<bndbox>
			<xmin>84</xmin>
			<ymin>189</ymin>
			<xmax>110</xmax>
			<ymax>205</ymax>
		</bndbox>
	</object>
	<object>
		<name>debris</name>
		<pose>Unspecified</pose>
		<truncated>0</truncated>
		<difficult>0</difficult>
		<bndbox>
			<xmin>108</xmin>
			<ymin>204</ymin>
			<xmax>125</xmax>
			<ymax>209</ymax>
		</bndbox>
	</object>
	<object>
		<name>debris</name>
		<pose>Unspecified</pose>
		<truncated>0</truncated>
		<difficult>0</difficult>
		<bndbox>
			<xmin>114</xmin>
			<ymin>227</ymin>
			<xmax>126</xmax>
			<ymax>239</ymax>
		</bndbox>
	</object>
</annotation>
