<annotation>
	<folder>images</folder>
	<filename>20170326_154021_0e2f_16758-29707-16.jpg</filename>
	<path>C:\Users\User\OneDrive\Desktop\mini\images\images\20170326_154021_0e2f_16758-29707-16.jpg</path>
	<source>
		<database>Unknown</database>
	</source>
	<size>
		<width>256</width>
		<height>256</height>
		<depth>3</depth>
	</size>
	<segmented>0</segmented>
	<object>
		<name>debris</name>
		<pose>Unspecified</pose>
		<truncated>1</truncated>
		<difficult>0</difficult>
		<bndbox>
			<xmin>24</xmin>
			<ymin>1</ymin>
			<xmax>45</xmax>
			<ymax>6</ymax>
		</bndbox>
	</object>
	<object>
		<name>debris</name>
		<pose>Unspecified</pose>
		<truncated>1</truncated>
		<difficult>0</difficult>
		<bndbox>
			<xmin>77</xmin>
			<ymin>1</ymin>
			<xmax>93</xmax>
			<ymax>10</ymax>
		</bndbox>
	</object>
	<object>
		<name>debris</name>
		<pose>Unspecified</pose>
		<truncated>0</truncated>
		<difficult>0</difficult>
		<bndbox>
			<xmin>128</xmin>
			<ymin>12</ymin>
			<xmax>158</xmax>
			<ymax>19</ymax>
		</bndbox>
	</object>
	<object>
		<name>debris</name>
		<pose>Unspecified</pose>
		<truncated>0</truncated>
		<difficult>0</difficult>
		<bndbox>
			<xmin>166</xmin>
			<ymin>13</ymin>
			<xmax>182</xmax>
			<ymax>20</ymax>
		</bndbox>
	</object>
	<object>
		<name>debris</name>
		<pose>Unspecified</pose>
		<truncated>0</truncated>
		<difficult>0</difficult>
		<bndbox>
			<xmin>231</xmin>
			<ymin>24</ymin>
			<xmax>241</xmax>
			<ymax>31</ymax>
		</bndbox>
	</object>
	<object>
		<name>debris</name>
		<pose>Unspecified</pose>
		<truncated>1</truncated>
		<difficult>0</difficult>
		<bndbox>
			<xmin>247</xmin>
			<ymin>23</ymin>
			<xmax>256</xmax>
			<ymax>31</ymax>
		</bndbox>
	</object>
</annotation>
