<annotation>
	<folder>i</folder>
	<filename>20171015_153720_100c_16966-29817-16.jpg</filename>
	<path>C:\Users\shreya\Desktop\project\dataset\train\images\second\i\20171015_153720_100c_16966-29817-16.jpg</path>
	<source>
		<database>Unknown</database>
	</source>
	<size>
		<width>256</width>
		<height>256</height>
		<depth>3</depth>
	</size>
	<segmented>0</segmented>
	<object>
		<name>debris</name>
		<pose>Unspecified</pose>
		<truncated>0</truncated>
		<difficult>0</difficult>
		<bndbox>
			<xmin>42</xmin>
			<ymin>70</ymin>
			<xmax>75</xmax>
			<ymax>83</ymax>
		</bndbox>
	</object>
	<object>
		<name>debris</name>
		<pose>Unspecified</pose>
		<truncated>0</truncated>
		<difficult>0</difficult>
		<bndbox>
			<xmin>119</xmin>
			<ymin>12</ymin>
			<xmax>154</xmax>
			<ymax>31</ymax>
		</bndbox>
	</object>
</annotation>
