<annotation>
	<folder>images</folder>
	<filename>20170323_152750_0e20_17292-29802-16.jpg</filename>
	<path>C:\Users\User\OneDrive\Desktop\mini\images\images\20170323_152750_0e20_17292-29802-16.jpg</path>
	<source>
		<database>Unknown</database>
	</source>
	<size>
		<width>256</width>
		<height>256</height>
		<depth>3</depth>
	</size>
	<segmented>0</segmented>
	<object>
		<name>debris</name>
		<pose>Unspecified</pose>
		<truncated>0</truncated>
		<difficult>0</difficult>
		<bndbox>
			<xmin>158</xmin>
			<ymin>234</ymin>
			<xmax>203</xmax>
			<ymax>249</ymax>
		</bndbox>
	</object>
	<object>
		<name>debris</name>
		<pose>Unspecified</pose>
		<truncated>0</truncated>
		<difficult>0</difficult>
		<bndbox>
			<xmin>232</xmin>
			<ymin>234</ymin>
			<xmax>253</xmax>
			<ymax>249</ymax>
		</bndbox>
	</object>
	<object>
		<name>debris</name>
		<pose>Unspecified</pose>
		<truncated>0</truncated>
		<difficult>0</difficult>
		<bndbox>
			<xmin>11</xmin>
			<ymin>238</ymin>
			<xmax>50</xmax>
			<ymax>249</ymax>
		</bndbox>
	</object>
	<object>
		<name>debris</name>
		<pose>Unspecified</pose>
		<truncated>0</truncated>
		<difficult>0</difficult>
		<bndbox>
			<xmin>126</xmin>
			<ymin>240</ymin>
			<xmax>159</xmax>
			<ymax>248</ymax>
		</bndbox>
	</object>
</annotation>
