<annotation>
	<folder>images</folder>
	<filename>20170326_153234_0e26_17056-29746-16.jpg</filename>
	<path>C:\Users\User\OneDrive\Desktop\mini\images\images\20170326_153234_0e26_17056-29746-16.jpg</path>
	<source>
		<database>Unknown</database>
	</source>
	<size>
		<width>256</width>
		<height>256</height>
		<depth>3</depth>
	</size>
	<segmented>0</segmented>
	<object>
		<name>debris</name>
		<pose>Unspecified</pose>
		<truncated>1</truncated>
		<difficult>0</difficult>
		<bndbox>
			<xmin>233</xmin>
			<ymin>83</ymin>
			<xmax>256</xmax>
			<ymax>105</ymax>
		</bndbox>
	</object>
</annotation>
