<annotation>
	<folder>images</folder>
	<filename>20170227_203600_1_0c46_16902-29836-16.jpg</filename>
	<path>C:\Users\User\OneDrive\Desktop\mini\images\images\20170227_203600_1_0c46_16902-29836-16.jpg</path>
	<source>
		<database>Unknown</database>
	</source>
	<size>
		<width>256</width>
		<height>256</height>
		<depth>3</depth>
	</size>
	<segmented>0</segmented>
	<object>
		<name>debris</name>
		<pose>Unspecified</pose>
		<truncated>0</truncated>
		<difficult>0</difficult>
		<bndbox>
			<xmin>124</xmin>
			<ymin>12</ymin>
			<xmax>134</xmax>
			<ymax>30</ymax>
		</bndbox>
	</object>
	<object>
		<name>debris</name>
		<pose>Unspecified</pose>
		<truncated>0</truncated>
		<difficult>0</difficult>
		<bndbox>
			<xmin>129</xmin>
			<ymin>32</ymin>
			<xmax>150</xmax>
			<ymax>43</ymax>
		</bndbox>
	</object>
	<object>
		<name>debris</name>
		<pose>Unspecified</pose>
		<truncated>0</truncated>
		<difficult>0</difficult>
		<bndbox>
			<xmin>119</xmin>
			<ymin>47</ymin>
			<xmax>134</xmax>
			<ymax>63</ymax>
		</bndbox>
	</object>
	<object>
		<name>debris</name>
		<pose>Unspecified</pose>
		<truncated>0</truncated>
		<difficult>0</difficult>
		<bndbox>
			<xmin>135</xmin>
			<ymin>53</ymin>
			<xmax>144</xmax>
			<ymax>57</ymax>
		</bndbox>
	</object>
	<object>
		<name>debris</name>
		<pose>Unspecified</pose>
		<truncated>0</truncated>
		<difficult>0</difficult>
		<bndbox>
			<xmin>161</xmin>
			<ymin>12</ymin>
			<xmax>174</xmax>
			<ymax>21</ymax>
		</bndbox>
	</object>
</annotation>
