<annotation>
	<folder>images</folder>
	<filename>20170322_153132_0e0f_17140-29807-16.jpg</filename>
	<path>C:\Users\User\OneDrive\Desktop\mini\images\images\20170322_153132_0e0f_17140-29807-16.jpg</path>
	<source>
		<database>Unknown</database>
	</source>
	<size>
		<width>256</width>
		<height>256</height>
		<depth>3</depth>
	</size>
	<segmented>0</segmented>
	<object>
		<name>debris</name>
		<pose>Unspecified</pose>
		<truncated>1</truncated>
		<difficult>0</difficult>
		<bndbox>
			<xmin>158</xmin>
			<ymin>1</ymin>
			<xmax>210</xmax>
			<ymax>19</ymax>
		</bndbox>
	</object>
	<object>
		<name>debris</name>
		<pose>Unspecified</pose>
		<truncated>0</truncated>
		<difficult>0</difficult>
		<bndbox>
			<xmin>214</xmin>
			<ymin>90</ymin>
			<xmax>251</xmax>
			<ymax>101</ymax>
		</bndbox>
	</object>
	<object>
		<name>debris</name>
		<pose>Unspecified</pose>
		<truncated>0</truncated>
		<difficult>0</difficult>
		<bndbox>
			<xmin>202</xmin>
			<ymin>21</ymin>
			<xmax>219</xmax>
			<ymax>85</ymax>
		</bndbox>
	</object>
</annotation>
