<annotation>
	<folder>images</folder>
	<filename>20170322_153132_0e0f_17118-29800-16.jpg</filename>
	<path>C:\Users\User\OneDrive\Desktop\mini\images\images\20170322_153132_0e0f_17118-29800-16.jpg</path>
	<source>
		<database>Unknown</database>
	</source>
	<size>
		<width>256</width>
		<height>256</height>
		<depth>3</depth>
	</size>
	<segmented>0</segmented>
	<object>
		<name>debris</name>
		<pose>Unspecified</pose>
		<truncated>0</truncated>
		<difficult>0</difficult>
		<bndbox>
			<xmin>33</xmin>
			<ymin>157</ymin>
			<xmax>46</xmax>
			<ymax>187</ymax>
		</bndbox>
	</object>
	<object>
		<name>debris</name>
		<pose>Unspecified</pose>
		<truncated>0</truncated>
		<difficult>0</difficult>
		<bndbox>
			<xmin>12</xmin>
			<ymin>201</ymin>
			<xmax>35</xmax>
			<ymax>221</ymax>
		</bndbox>
	</object>
	<object>
		<name>debris</name>
		<pose>Unspecified</pose>
		<truncated>0</truncated>
		<difficult>0</difficult>
		<bndbox>
			<xmin>73</xmin>
			<ymin>103</ymin>
			<xmax>81</xmax>
			<ymax>127</ymax>
		</bndbox>
	</object>
	<object>
		<name>debris</name>
		<pose>Unspecified</pose>
		<truncated>0</truncated>
		<difficult>0</difficult>
		<bndbox>
			<xmin>90</xmin>
			<ymin>11</ymin>
			<xmax>100</xmax>
			<ymax>40</ymax>
		</bndbox>
	</object>
</annotation>
