<annotation>
	<folder>images</folder>
	<filename>20170227_203600_1_0c46_16888-29839-16.jpg</filename>
	<path>C:\Users\User\OneDrive\Desktop\mini\images\images\20170227_203600_1_0c46_16888-29839-16.jpg</path>
	<source>
		<database>Unknown</database>
	</source>
	<size>
		<width>256</width>
		<height>256</height>
		<depth>3</depth>
	</size>
	<segmented>0</segmented>
	<object>
		<name>debris</name>
		<pose>Unspecified</pose>
		<truncated>0</truncated>
		<difficult>0</difficult>
		<bndbox>
			<xmin>219</xmin>
			<ymin>34</ymin>
			<xmax>230</xmax>
			<ymax>59</ymax>
		</bndbox>
	</object>
	<object>
		<name>debris</name>
		<pose>Unspecified</pose>
		<truncated>0</truncated>
		<difficult>0</difficult>
		<bndbox>
			<xmin>227</xmin>
			<ymin>14</ymin>
			<xmax>242</xmax>
			<ymax>32</ymax>
		</bndbox>
	</object>
</annotation>
