<annotation>
	<folder>images</folder>
	<filename>20170326_153234_0e26_17066-29756-16.jpg</filename>
	<path>C:\Users\User\OneDrive\Desktop\mini\images\images\20170326_153234_0e26_17066-29756-16.jpg</path>
	<source>
		<database>Unknown</database>
	</source>
	<size>
		<width>256</width>
		<height>256</height>
		<depth>3</depth>
	</size>
	<segmented>0</segmented>
	<object>
		<name>debris</name>
		<pose>Unspecified</pose>
		<truncated>0</truncated>
		<difficult>0</difficult>
		<bndbox>
			<xmin>28</xmin>
			<ymin>217</ymin>
			<xmax>40</xmax>
			<ymax>241</ymax>
		</bndbox>
	</object>
</annotation>
