<annotation>
	<folder>i</folder>
	<filename>20180313_154300_1008_17012-29744-16.jpg</filename>
	<path>C:\Users\shreya\Desktop\project\dataset\train\images\second\i\20180313_154300_1008_17012-29744-16.jpg</path>
	<source>
		<database>Unknown</database>
	</source>
	<size>
		<width>256</width>
		<height>256</height>
		<depth>3</depth>
	</size>
	<segmented>0</segmented>
	<object>
		<name>debris</name>
		<pose>Unspecified</pose>
		<truncated>0</truncated>
		<difficult>0</difficult>
		<bndbox>
			<xmin>35</xmin>
			<ymin>139</ymin>
			<xmax>95</xmax>
			<ymax>170</ymax>
		</bndbox>
	</object>
	<object>
		<name>debris</name>
		<pose>Unspecified</pose>
		<truncated>0</truncated>
		<difficult>0</difficult>
		<bndbox>
			<xmin>100</xmin>
			<ymin>135</ymin>
			<xmax>157</xmax>
			<ymax>155</ymax>
		</bndbox>
	</object>
	<object>
		<name>debris</name>
		<pose>Unspecified</pose>
		<truncated>0</truncated>
		<difficult>0</difficult>
		<bndbox>
			<xmin>163</xmin>
			<ymin>132</ymin>
			<xmax>211</xmax>
			<ymax>155</ymax>
		</bndbox>
	</object>
	<object>
		<name>debris</name>
		<pose>Unspecified</pose>
		<truncated>0</truncated>
		<difficult>0</difficult>
		<bndbox>
			<xmin>211</xmin>
			<ymin>113</ymin>
			<xmax>227</xmax>
			<ymax>130</ymax>
		</bndbox>
	</object>
	<object>
		<name>debris</name>
		<pose>Unspecified</pose>
		<truncated>0</truncated>
		<difficult>0</difficult>
		<bndbox>
			<xmin>230</xmin>
			<ymin>103</ymin>
			<xmax>255</xmax>
			<ymax>115</ymax>
		</bndbox>
	</object>
	<object>
		<name>cloud</name>
		<pose>Unspecified</pose>
		<truncated>1</truncated>
		<difficult>0</difficult>
		<bndbox>
			<xmin>1</xmin>
			<ymin>124</ymin>
			<xmax>35</xmax>
			<ymax>226</ymax>
		</bndbox>
	</object>
</annotation>
