<annotation>
	<folder>i</folder>
	<filename>20180224_162902_0f2b_17142-29725-16.jpg</filename>
	<path>C:\Users\shreya\Desktop\project\dataset\train\images\second\i\20180224_162902_0f2b_17142-29725-16.jpg</path>
	<source>
		<database>Unknown</database>
	</source>
	<size>
		<width>256</width>
		<height>256</height>
		<depth>3</depth>
	</size>
	<segmented>0</segmented>
	<object>
		<name>debris</name>
		<pose>Unspecified</pose>
		<truncated>1</truncated>
		<difficult>0</difficult>
		<bndbox>
			<xmin>21</xmin>
			<ymin>236</ymin>
			<xmax>57</xmax>
			<ymax>256</ymax>
		</bndbox>
	</object>
</annotation>
