<annotation>
	<folder>i</folder>
	<filename>20180313_154300_1008_17016-29741-16.jpg</filename>
	<path>C:\Users\shreya\Desktop\project\dataset\train\images\second\i\20180313_154300_1008_17016-29741-16.jpg</path>
	<source>
		<database>Unknown</database>
	</source>
	<size>
		<width>256</width>
		<height>256</height>
		<depth>3</depth>
	</size>
	<segmented>0</segmented>
	<object>
		<name>debris</name>
		<pose>Unspecified</pose>
		<truncated>0</truncated>
		<difficult>0</difficult>
		<bndbox>
			<xmin>45</xmin>
			<ymin>84</ymin>
			<xmax>60</xmax>
			<ymax>121</ymax>
		</bndbox>
	</object>
	<object>
		<name>debris</name>
		<pose>Unspecified</pose>
		<truncated>0</truncated>
		<difficult>0</difficult>
		<bndbox>
			<xmin>63</xmin>
			<ymin>59</ymin>
			<xmax>76</xmax>
			<ymax>91</ymax>
		</bndbox>
	</object>
	<object>
		<name>debris</name>
		<pose>Unspecified</pose>
		<truncated>0</truncated>
		<difficult>0</difficult>
		<bndbox>
			<xmin>78</xmin>
			<ymin>4</ymin>
			<xmax>104</xmax>
			<ymax>56</ymax>
		</bndbox>
	</object>
</annotation>
