<annotation>
	<folder>i</folder>
	<filename>20180313_154300_1008_17015-29741-16.jpg</filename>
	<path>C:\Users\shreya\Desktop\project\dataset\train\images\second\i\20180313_154300_1008_17015-29741-16.jpg</path>
	<source>
		<database>Unknown</database>
	</source>
	<size>
		<width>256</width>
		<height>256</height>
		<depth>3</depth>
	</size>
	<segmented>0</segmented>
	<object>
		<name>cloud</name>
		<pose>Unspecified</pose>
		<truncated>1</truncated>
		<difficult>0</difficult>
		<bndbox>
			<xmin>68</xmin>
			<ymin>155</ymin>
			<xmax>206</xmax>
			<ymax>256</ymax>
		</bndbox>
	</object>
	<object>
		<name>cloud</name>
		<pose>Unspecified</pose>
		<truncated>0</truncated>
		<difficult>0</difficult>
		<bndbox>
			<xmin>11</xmin>
			<ymin>80</ymin>
			<xmax>65</xmax>
			<ymax>139</ymax>
		</bndbox>
	</object>
</annotation>
