<annotation>
	<folder>i</folder>
	<filename>20181023_155747_0f34_16721-29843-16.jpg</filename>
	<path>C:\Users\shreya\Desktop\project\dataset\train\images\second\i\20181023_155747_0f34_16721-29843-16.jpg</path>
	<source>
		<database>Unknown</database>
	</source>
	<size>
		<width>256</width>
		<height>256</height>
		<depth>3</depth>
	</size>
	<segmented>0</segmented>
	<object>
		<name>debris</name>
		<pose>Unspecified</pose>
		<truncated>0</truncated>
		<difficult>0</difficult>
		<bndbox>
			<xmin>202</xmin>
			<ymin>180</ymin>
			<xmax>229</xmax>
			<ymax>222</ymax>
		</bndbox>
	</object>
</annotation>
