<annotation>
	<folder>i</folder>
	<filename>20180224_162902_0f2b_17140-29726-16.jpg</filename>
	<path>C:\Users\shreya\Desktop\project\dataset\train\images\second\i\20180224_162902_0f2b_17140-29726-16.jpg</path>
	<source>
		<database>Unknown</database>
	</source>
	<size>
		<width>256</width>
		<height>256</height>
		<depth>3</depth>
	</size>
	<segmented>0</segmented>
	<object>
		<name>debris</name>
		<pose>Unspecified</pose>
		<truncated>0</truncated>
		<difficult>0</difficult>
		<bndbox>
			<xmin>12</xmin>
			<ymin>81</ymin>
			<xmax>32</xmax>
			<ymax>98</ymax>
		</bndbox>
	</object>
	<object>
		<name>debris</name>
		<pose>Unspecified</pose>
		<truncated>0</truncated>
		<difficult>0</difficult>
		<bndbox>
			<xmin>73</xmin>
			<ymin>90</ymin>
			<xmax>96</xmax>
			<ymax>110</ymax>
		</bndbox>
	</object>
	<object>
		<name>debris</name>
		<pose>Unspecified</pose>
		<truncated>0</truncated>
		<difficult>0</difficult>
		<bndbox>
			<xmin>105</xmin>
			<ymin>101</ymin>
			<xmax>126</xmax>
			<ymax>122</ymax>
		</bndbox>
	</object>
	<object>
		<name>debris</name>
		<pose>Unspecified</pose>
		<truncated>0</truncated>
		<difficult>0</difficult>
		<bndbox>
			<xmin>177</xmin>
			<ymin>137</ymin>
			<xmax>196</xmax>
			<ymax>153</ymax>
		</bndbox>
	</object>
	<object>
		<name>debris</name>
		<pose>Unspecified</pose>
		<truncated>1</truncated>
		<difficult>0</difficult>
		<bndbox>
			<xmin>246</xmin>
			<ymin>161</ymin>
			<xmax>256</xmax>
			<ymax>178</ymax>
		</bndbox>
	</object>
</annotation>
