<annotation>
	<folder>i</folder>
	<filename>20180313_154259_1008_17022-29730-16.jpg</filename>
	<path>C:\Users\shreya\Desktop\project\dataset\train\images\second\i\20180313_154259_1008_17022-29730-16.jpg</path>
	<source>
		<database>Unknown</database>
	</source>
	<size>
		<width>256</width>
		<height>256</height>
		<depth>3</depth>
	</size>
	<segmented>0</segmented>
	<object>
		<name>cloud</name>
		<pose>Unspecified</pose>
		<truncated>1</truncated>
		<difficult>0</difficult>
		<bndbox>
			<xmin>1</xmin>
			<ymin>28</ymin>
			<xmax>161</xmax>
			<ymax>132</ymax>
		</bndbox>
	</object>
	<object>
		<name>cloud</name>
		<pose>Unspecified</pose>
		<truncated>0</truncated>
		<difficult>0</difficult>
		<bndbox>
			<xmin>15</xmin>
			<ymin>183</ymin>
			<xmax>83</xmax>
			<ymax>248</ymax>
		</bndbox>
	</object>
	<object>
		<name>cloud</name>
		<pose>Unspecified</pose>
		<truncated>0</truncated>
		<difficult>0</difficult>
		<bndbox>
			<xmin>116</xmin>
			<ymin>174</ymin>
			<xmax>189</xmax>
			<ymax>248</ymax>
		</bndbox>
	</object>
	<object>
		<name>debris</name>
		<pose>Unspecified</pose>
		<truncated>0</truncated>
		<difficult>0</difficult>
		<bndbox>
			<xmin>248</xmin>
			<ymin>125</ymin>
			<xmax>255</xmax>
			<ymax>157</ymax>
		</bndbox>
	</object>
	<object>
		<name>debris</name>
		<pose>Unspecified</pose>
		<truncated>0</truncated>
		<difficult>0</difficult>
		<bndbox>
			<xmin>211</xmin>
			<ymin>204</ymin>
			<xmax>228</xmax>
			<ymax>233</ymax>
		</bndbox>
	</object>
	<object>
		<name>debris</name>
		<pose>Unspecified</pose>
		<truncated>1</truncated>
		<difficult>0</difficult>
		<bndbox>
			<xmin>210</xmin>
			<ymin>247</ymin>
			<xmax>221</xmax>
			<ymax>256</ymax>
		</bndbox>
	</object>
</annotation>
