<annotation>
	<folder>i</folder>
	<filename>20181024_160201_0f3b_16807-29825-16.jpg</filename>
	<path>C:\Users\shreya\Desktop\project\dataset\train\images\second\i\20181024_160201_0f3b_16807-29825-16.jpg</path>
	<source>
		<database>Unknown</database>
	</source>
	<size>
		<width>256</width>
		<height>256</height>
		<depth>3</depth>
	</size>
	<segmented>0</segmented>
	<object>
		<name>debris</name>
		<pose>Unspecified</pose>
		<truncated>0</truncated>
		<difficult>0</difficult>
		<bndbox>
			<xmin>159</xmin>
			<ymin>138</ymin>
			<xmax>182</xmax>
			<ymax>155</ymax>
		</bndbox>
	</object>
</annotation>
